Incident ID,Incident Date,State,City Or County,Address,# Killed,# Injured,Operations,Latitude,Longitude,Accuracy Score,Accuracy Type,Number,Street,Unit Type,Unit Number,City,State,County,Zip,Country,Source
2321772,6/5/2022,Michigan,Saginaw,300 block of S 11th St,3,2,N/A,43.333795,-83.718362,0.9,range_interpolation,300,Block Rd,,,Frankenmuth,MI,Saginaw County,48734,US,TIGER/Line® dataset from the US Census Bureau
2321693,6/5/2022,Michigan,Grand Rapids,Pearl St NW and Ottawa Ave NW,1,3,N/A,42.966376,-85.670136,1,intersection,,Ottawa Ave NW,,,Grand Rapids,MI,Kent County,49503,US,TIGER/Line® dataset from the US Census Bureau
2321532,6/5/2022,Tennessee,Chattanooga,2125 McCallie Ave,2,12,N/A,35.034718,-85.27066,1,rooftop,2125,McCallie Ave,,,Chattanooga,TN,Hamilton County,37404,US,City of Chattanooga
2321440,6/5/2022,Arizona,Mesa,1457 W Southern Ave,2,2,N/A,33.392764,-111.862547,1,rooftop,1457,W Southern Ave,,,Mesa,AZ,Maricopa County,85202,US,City of Mesa
2321193,6/4/2022,Michigan,Ecorse,3800 block of W Jefferson Ave,0,4,N/A,42.249838,-83.143121,0.5,place,,,,,Ecorse,MI,Wayne County,48229,US,TIGER/Line® dataset from the US Census Bureau
2321698,6/4/2022,New York,Hempstead,77 Terrace Ave,1,3,N/A,40.710272,-73.630634,1,rooftop,77,Terrace Ave,,,Hempstead,NY,Nassau County,11550,US,"NYS GIS Program Office, State Geographic Information Officer (GIO)"
2321593,6/4/2022,South Carolina,Summerton,US-15 and St Paul Rd,1,7,N/A,33.55156,-80.322756,0.5,place,,,,,Summerton,SC,Clarendon County,29148,US,TIGER/Line® dataset from the US Census Bureau
2321266,6/4/2022,Pennsylvania,Philadelphia,200 block of South St,3,12,N/A,40.001811,-75.11787,0.5,place,,,,,Philadelphia,PA,Philadelphia County,19101,US,TIGER/Line® dataset from the US Census Bureau
2321500,6/4/2022,Georgia,Macon,300 Block of Jones Ave,1,3,N/A,32.804382,-83.617554,0.5,place,,,,,Macon,GA,Bibb County,31201,US,TIGER/Line® dataset from the US Census Bureau
2320673,6/4/2022,Texas,El Paso (Socorro),10851 Thunder Rd,0,5,N/A,31.658279,-106.252436,1,range_interpolation,10851,Thunder Rd,,,El Paso,TX,El Paso County,79927,US,TIGER/Line® dataset from the US Census Bureau
2320618,6/4/2022,Arizona,Phoenix,N 10th Ave and W Hatcher Rd,1,8,N/A,33.571363,-112.060347,0.8,intersection,,E Hatcher Rd,,,Phoenix,AZ,Maricopa County,85020,US,TIGER/Line® dataset from the US Census Bureau
2320361,6/3/2022,Virginia,Chester,10960 block of Stepney Rd,1,5,N/A,37.374976,-77.431044,0.9,range_interpolation,10960,Stepney Rd,,,Chester,VA,Chesterfield County,23831,US,TIGER/Line® dataset from the US Census Bureau
2320862,6/3/2022,Nebraska,Omaha,S 30th St and T St,1,3,N/A,41.202514,-95.957717,0.87,intersection,,S 30th St,,,Omaha,NE,Douglas County,68107,US,TIGER/Line® dataset from the US Census Bureau
2318310,6/1/2022,Oklahoma,Tulsa,6161 S Yale Ave,5,0,N/A,36.072814,-95.917624,1,rooftop,6161,S Yale Ave,,,Tulsa,OK,Tulsa County,74136,US,Tulsa
2318046,5/31/2022,Texas,Waco,1900 block of Preston St,0,4,N/A,31.522433,-97.139202,1,rooftop,1900,St,,,Waco,TX,McLennan County,76711,US,Statewide TX
2317016,5/30/2022,South Carolina,Charleston,America St and South St,0,10,N/A,32.797366,-79.936622,1,street_center,,America St,,,Charleston,SC,Charleston County,29403,US,TIGER/Line® dataset from the US Census Bureau
2316616,5/30/2022,Michigan,Benton Harbor,999 Pipestone St,1,6,N/A,42.099943,-86.437914,1,range_interpolation,999,Pipestone St,,,Benton Harbor,MI,Berrien County,49022,US,TIGER/Line® dataset from the US Census Bureau
2315903,5/30/2022,Pennsylvania,Philadelphia,N Delaware Ave and E Tioga St,2,2,N/A,39.985487,-75.093384,0.78,intersection,,E Tioga St,,,Philadelphia,PA,Philadelphia County,19134,US,TIGER/Line® dataset from the US Census Bureau
2315150,5/29/2022,Oklahoma,Taft,104 Elm St,1,7,N/A,35.823079,-95.674371,0.86,range_interpolation,104,Elm,,,Haskell,OK,Muskogee County,74436,US,TIGER/Line® dataset from the US Census Bureau
2315333,5/29/2022,California,Merced,Cowden Ave,1,3,N/A,37.326945,-120.533496,1,street_center,,Cowden Ave,,,Merced,CA,Merced County,95348,US,TIGER/Line® dataset from the US Census Bureau
2316364,5/29/2022,Texas,Houston,11654 Walnut Dale Ct,0,4,N/A,29.902831,-95.462356,1,rooftop,11654,Walnut Dale Ct,,,Houston,TX,Harris County,77038,US,Greater Houston
2315892,5/29/2022,Illinois,Chicago,4400 block of W Walton St,1,4,N/A,41.88531,-87.62213,0.5,place,,,,,Chicago,IL,Cook County,60601,US,TIGER/Line® dataset from the US Census Bureau
2315605,5/29/2022,Arizona,Phoenix,N 58th St and W Windsor Ave,1,5,N/A,33.477703,-112.18388,0.8,intersection,,N 58th Ave,,,Phoenix,AZ,Maricopa County,85035,US,TIGER/Line® dataset from the US Census Bureau
2315361,5/29/2022,Nevada,Henderson,I-11 and Horizon Dr,0,7,N/A,35.927901,-114.972061,0.5,place,,,,,Henderson,NV,Clark County,89009,US,TIGER/Line® dataset from the US Census Bureau
2315074,5/29/2022,Illinois,Chicago,800 block of S Karlov Ave,0,5,N/A,41.88531,-87.62213,0.5,place,,,,,Chicago,IL,Cook County,60601,US,TIGER/Line® dataset from the US Census Bureau
2314991,5/28/2022,Tennessee,Chattanooga,100 block of Cherry St,0,6,N/A,35.040538,-85.241268,0.7,street_center,,Block St,,,Chattanooga,TN,Hamilton County,37411,US,TIGER/Line® dataset from the US Census Bureau
2315338,5/28/2022,California,Fresno,2233 N 1st St,1,3,N/A,36.77068,-119.773874,1,rooftop,2233,N 1st St,,,Fresno,CA,Fresno County,93703,US,Fresno
2315417,5/28/2022,Florida,Malabar,2500 block of Billie Ln,0,4,N/A,28.00363,-80.56561,0.5,place,,,,,Malabar,FL,Brevard County,32950,US,TIGER/Line® dataset from the US Census Bureau
2315190,5/28/2022,Colorado,Colorado Springs,3800 block of E Pikes Pike Ave,1,3,N/A,38.828893,-104.809929,0.5,place,,,,,Colorado Springs,CO,El Paso County,80903,US,TIGER/Line® dataset from the US Census Bureau
2314951,5/28/2022,Tennessee,Memphis,Chelsea Ave and Peres Ave,0,4,N/A,35.174756,-89.979787,0.93,intersection,,Chelsea Ave,,,Memphis,TN,Shelby County,38108,US,TIGER/Line® dataset from the US Census Bureau
2313988,5/27/2022,Alabama,Anniston,1204 Front St,0,6,N/A,33.633344,-85.830931,1,rooftop,1204,Front St,,,Anniston,AL,Calhoun County,36201,US,Calhoun
2313970,5/27/2022,Michigan,Stanwood,10711 185th Ave,4,1,N/A,43.623706,-85.453398,1,range_interpolation,10711,185th Ave,,,Stanwood,MI,Mecosta County,49346,US,TIGER/Line® dataset from the US Census Bureau
2312678,5/25/2022,Pennsylvania,Philadelphia,3500 block of Fairmount Ave,0,4,N/A,40.001811,-75.11787,0.5,place,,,,,Philadelphia,PA,Philadelphia County,19101,US,TIGER/Line® dataset from the US Census Bureau
2310278,5/24/2022,Texas,Uvalde,715 Old Carrizo Rd,22,17,N/A,29.199261,-99.787959,1,rooftop,715,Old Carrizo Rd,,,Uvalde,TX,Uvalde County,78801,US,Statewide TX
2309711,5/23/2022,South Carolina,North Charleston,7550 Dorchester Rd,0,5,N/A,32.90294,-80.080098,1,range_interpolation,7550,Dorchester Rd,,,North Charleston,SC,Charleston County,29418,US,TIGER/Line® dataset from the US Census Bureau
2311123,5/23/2022,Ohio,Cleveland,1032 Hartley Rd,0,5,N/A,41.551286,-81.574965,1,rooftop,1032,Hartley Rd,,,Cleveland,OH,Cuyahoga County,44110,US,Cuyahoga
2308096,5/21/2022,Indiana,Goshen,1204 Rosemare Ct,2,3,N/A,41.549107,-85.81183,1,range_interpolation,1204,Rosemare Ct,,,Goshen,IN,Elkhart County,46526,US,TIGER/Line® dataset from the US Census Bureau
2308395,5/21/2022,Washington,Tacoma,S Yakima Ave and S 56th St,0,4,N/A,47.206416,-122.44321,1,intersection,,S 56th St,,,Tacoma,WA,Pierce County,98408,US,TIGER/Line® dataset from the US Census Bureau
2307631,5/20/2022,Florida,Kissimmee,2331 Old Dixie Hwy,1,3,N/A,28.31289,-81.401983,1,rooftop,2331,Old Dixie Hwy,,,Kissimmee,FL,Osceola County,34744,US,Osceola
2308017,5/20/2022,California,Highland,3606 Highland Ave,1,8,N/A,34.135929,-117.21187,1,range_interpolation,3606,Highland Ave,,,Highland,CA,San Bernardino County,92346,US,TIGER/Line® dataset from the US Census Bureau
2307813,5/20/2022,Louisiana,New Orleans,St. Claude Ave and Forstall St,1,3,N/A,29.958304,-90.077,0.5,place,,,,,New Orleans,LA,Orleans Parish,70112,US,TIGER/Line® dataset from the US Census Bureau
2307044,5/19/2022,Illinois,Chicago,800 block of N State St,2,7,N/A,41.88531,-87.62213,0.5,place,,,,,Chicago,IL,Cook County,60601,US,TIGER/Line® dataset from the US Census Bureau
2306277,5/18/2022,Pennsylvania,Philadelphia,1500 block of Bouvier St,0,5,N/A,40.001811,-75.11787,0.5,place,,,,,Philadelphia,PA,Philadelphia County,19101,US,TIGER/Line® dataset from the US Census Bureau
2305208,5/17/2022,California,Palo Alto (East Palo Alto),2500 block of Fordham St,1,3,N/A,37.444122,-122.149915,0.5,place,,,,,Palo Alto,CA,Santa Clara County,94301,US,TIGER/Line® dataset from the US Census Bureau
2302847,5/15/2022,California,Laguna Woods,24301 El Toro Rd,1,5,N/A,33.609654,-117.733372,0.9,rooftop,24301,El Toro Rd,,,Laguna Woods,CA,Orange County,92637,US,Orange
2303130,5/15/2022,North Carolina,Winston Salem (Winston-salem),2000 block of 25th St,0,7,N/A,36.111102,-80.200493,0.5,place,,,,,Winston Salem,NC,Forsyth County,27101,US,TIGER/Line® dataset from the US Census Bureau
2304029,5/15/2022,North Carolina,Elizabeth City,901 S Martin Luther King Jr Dr,0,4,N/A,36.292892,-76.220854,0.9,nearest_rooftop_match,900,S Martin Luther King Jr Dr,,,Elizabeth City,NC,Pasquotank County,27909,US,NC Geographic Information Coordinating Council
2302740,5/15/2022,Texas,Houston,8729 Airline Dr,2,3,N/A,29.884672,-95.392145,1,range_interpolation,8729,Airline Dr,,,Houston,TX,Harris County,77037,US,TIGER/Line® dataset from the US Census Bureau
2303337,5/15/2022,Texas,Amarillo,1003 N Fillmore St,1,4,N/A,35.224365,-101.832021,1,rooftop,1003,N Fillmore St,,,Amarillo,TX,Potter County,79107,US,City of Amarillo
2301751,5/14/2022,New York,Buffalo,1275 Jefferson Ave,10,3,N/A,42.909757,-78.852961,1,rooftop,1275,Jefferson Ave,,,Buffalo,NY,Erie County,14208,US,Erie
2301494,5/13/2022,Wisconsin,Milwaukee,Water St and Juneau Ave,0,17,N/A,43.045726,-87.911065,0.8,intersection,,E Juneau Ave,,,Milwaukee,WI,Milwaukee County,53202,US,TIGER/Line® dataset from the US Census Bureau
2300713,5/12/2022,Arkansas,Hot Springs National Park (Hot Springs),134 Convention Blvd,1,4,N/A,34.509036,-93.05164,1,rooftop,134,Convention Blvd,,,Hot Springs National Park,AR,Garland County,71901,US,Garland
2299660,5/11/2022,Illinois,Chicago,6800 block of S Ashland Ave,0,4,N/A,41.88531,-87.62213,0.5,place,,,,,Chicago,IL,Cook County,60601,US,TIGER/Line® dataset from the US Census Bureau
2299126,5/11/2022,Indiana,Indianapolis,701 Canal Walk,0,4,N/A,39.777577,-86.166757,0.95,range_interpolation,701,Canal Ct,,,Indianapolis,IN,Marion County,46202,US,TIGER/Line® dataset from the US Census Bureau
2299793,5/11/2022,Missouri,Saint Louis,5000 block of N Kingshighway Blvd,1,3,N/A,37.53144,-90.93318,0.5,place,,,,,Black,MO,Reynolds County,63625,US,TIGER/Line® dataset from the US Census Bureau
2300830,5/11/2022,New Jersey,Paterson,36 Essex St,1,4,N/A,40.912567,-74.165555,1,rooftop,36,Essex St,,,Paterson,NJ,Passaic County,7501,US,"NJ Office of Information Technology (NJOIT), Office of Geographic Information Systems (OGIS)"
2298872,5/10/2022,Maryland,Baltimore,2800 block of Boarman Ave,0,5,N/A,39.28073,-76.600152,0.7,street_center,,Block St,,,Baltimore,MD,Baltimore City,21231,US,TIGER/Line® dataset from the US Census Bureau
2298836,5/10/2022,Illinois,Chicago,4800 block of S Ada St,1,4,N/A,41.88531,-87.62213,0.5,place,,,,,Chicago,IL,Cook County,60601,US,TIGER/Line® dataset from the US Census Bureau
2299407,5/10/2022,Illinois,Chicago,6400 block of S Richards Dr,0,6,N/A,41.88531,-87.62213,0.5,place,,,,,Chicago,IL,Cook County,60601,US,TIGER/Line® dataset from the US Census Bureau
2298519,5/10/2022,Pennsylvania,Philadelphia,Allegheny Ave and G St,0,4,N/A,39.996753,-75.115447,0.8,intersection,,E Allegheny Ave,,,Philadelphia,PA,Philadelphia County,19134,US,TIGER/Line® dataset from the US Census Bureau
2298591,5/10/2022,Maryland,Baltimore,700 block of N Rose St,1,3,N/A,39.010085,-76.437449,0.8,rooftop,700,Black Forest Rd,,,Annapolis,MD,Anne Arundel County,21409,US,Statewide MD
2299176,5/10/2022,Texas,Brookshire,Purdy and 4th St,1,3,N/A,29.788078,-95.948871,0.8,intersection,,4th St,,,Brookshire,TX,Waller County,77423,US,TIGER/Line® dataset from the US Census Bureau
2297823,5/9/2022,Michigan,Detroit,12600 block of McCoy Cir,0,4,N/A,42.347021,-83.060184,0.5,place,,,,,Detroit,MI,Wayne County,48201,US,TIGER/Line® dataset from the US Census Bureau
2298092,5/9/2022,Alabama,Tuscaloosa,4420 21st St,0,5,N/A,33.194237,-87.593424,1,rooftop,4420,21st St,,,Tuscaloosa,AL,Tuscaloosa County,35401,US,Tuscaloosa
2297261,5/8/2022,Georgia,Clarkston,6500 block of Old Hampton Dr,3,3,N/A,33.408112,-84.273764,0.5,place,,,,,Hampton,GA,Henry County,30228,US,TIGER/Line® dataset from the US Census Bureau
2296191,5/7/2022,Kentucky,Lexington,1560 LaSalle Rd,2,3,N/A,38.016674,-84.486043,0.5,place,,,,,Lexington,KY,Fayette County,40502,US,TIGER/Line® dataset from the US Census Bureau
2296808,5/7/2022,Texas,Garland,800 block of Magnolia Dr,2,2,N/A,32.972462,-96.638051,0.5,nearest_rooftop_match,801,Torrey Pines Ln,,,Garland,TX,Dallas County,75044,US,City of Garland
2296224,5/7/2022,Florida,Miami,NW 37th St and NW 32nd Ave,0,4,N/A,25.809611,-80.248381,1,intersection,,NW 32nd Ave,,,Miami,FL,Miami-Dade County,33142,US,TIGER/Line® dataset from the US Census Bureau
2296037,5/6/2022,Louisiana,New Orleans,4800 block of Alcee Fortier Blvd,2,4,N/A,29.958304,-90.077,0.5,place,,,,,New Orleans,LA,Orleans Parish,70112,US,TIGER/Line® dataset from the US Census Bureau
2296064,5/5/2022,Washington,Sunnyside,613 S 6th St,0,5,N/A,46.321915,-120.013713,1,rooftop,613,S 6th St,,,Sunnyside,WA,Yakima County,98944,US,City of Yakima
2293603,5/3/2022,Louisiana,Baton Rouge,2100 block of North 39th St,0,5,N/A,30.44924,-91.185607,0.5,place,,,,,Baton Rouge,LA,East Baton Rouge Parish,70801,US,TIGER/Line® dataset from the US Census Bureau
2294515,5/3/2022,Kansas,Cowley (county),N/A,0,4,N/A,0,0,0,,,,,,,,,,,
2294477,5/3/2022,Texas,Beaumont,3580 S Martin Luther King Jr Pkwy,0,5,N/A,30.051635,-94.081201,1,rooftop,3580,S Martin Luther King Jr Pkwy,,,Beaumont,TX,Jefferson County,77705,US,City of Beaumont
2291712,5/1/2022,Louisiana,Lafayette,500 Jefferson St,0,12,N/A,30.225748,-92.018573,1,rooftop,500,Jefferson St,,,Lafayette,LA,Lafayette Parish,70501,US,Lafayette
2291578,5/1/2022,Ohio,Springfield,Clifton Ave and Rice St,1,4,N/A,39.909582,-83.807729,1,intersection,,Clifton Ave,,,Springfield,OH,Clark County,45505,US,TIGER/Line® dataset from the US Census Bureau
2292452,5/1/2022,Florida,Tarpon Springs,Safford Ave and Boyer St,0,6,N/A,28.144105,-82.754613,0.8,intersection,,E Boyer St,,,Tarpon Springs,FL,Pinellas County,34689,US,TIGER/Line® dataset from the US Census Bureau
2292613,5/1/2022,South Carolina,North Charleston,US-52 and Ashley Phosphate Rd,1,3,N/A,33.61571,-81.10204,0.5,place,,,,,North,SC,Orangeburg County,29112,US,TIGER/Line® dataset from the US Census Bureau
2291618,4/30/2022,Georgia,Atlanta,445 Cleveland Ave SE,1,4,N/A,33.679594,-84.376363,1,rooftop,445,Cleveland Ave SE,,,Atlanta,GA,Fulton County,30354,US,City of Atlanta
2291470,4/30/2022,Mississippi,Jackson,1207 Mississippi Street,1,5,N/A,32.301853,-90.177064,1,range_interpolation,1207,Mississippi St,,,Jackson,MS,Hinds County,39202,US,TIGER/Line® dataset from the US Census Bureau
2291185,4/29/2022,Tennessee,Jackson,310 North Pkwy,2,2,N/A,35.645451,-88.85312,1,rooftop,310,North Pkwy,,,Jackson,TN,Madison County,38305,US,Statewide TN
2290903,4/29/2022,Louisiana,New Orleans,3201 Magazine St,0,6,N/A,29.92417,-90.086688,1,rooftop,3201,Magazine St,,,New Orleans,LA,Orleans Parish,70115,US,Orleans Parish
2291534,4/29/2022,Mississippi,Laurel,Ferrell St and Poplar Dr,0,4,N/A,31.679099,-89.14569,1,intersection,,Ferrell St,,,Laurel,MS,Jones County,39440,US,TIGER/Line® dataset from the US Census Bureau
2290026,4/28/2022,Alabama,Bessemer,1800 block of Berkley Ave,1,3,N/A,33.514063,-86.896658,0.8,rooftop,1800,Ave E,,,Birmingham,AL,Jefferson County,35218,US,Jefferson
2288928,4/27/2022,Illinois,Chicago,4400 block of W Jackson Blvd,0,4,N/A,41.910064,-87.736782,0.9,rooftop,4400,W North Ave,,,Chicago,IL,Cook County,60639,US,City of Chicago
2289308,4/27/2022,Louisiana,Opelousas,700 block of Mia St,2,3,N/A,30.533657,-92.104961,0.5,place,,,,,Opelousas,LA,St. Landry Parish,70570,US,TIGER/Line® dataset from the US Census Bureau
2288842,4/27/2022,Mississippi,Biloxi,2688 Beach Blvd,4,0,N/A,30.390096,-88.996391,1,rooftop,2688,Beach Blvd,,,Biloxi,MS,Harrison County,39531,US,City of Biloxi
2289610,4/27/2022,Texas,San Antonio,3399 Wurzbach Rd,0,5,N/A,29.469401,-98.62502,1,rooftop,3399,Wurzbach Rd,,,San Antonio,TX,Bexar County,78238,US,San Antonio
2289382,4/27/2022,Arizona,Phoenix,6719 W Thomas Rd,0,4,N/A,33.479519,-112.204994,1,rooftop,6719,W Thomas Rd,,,Phoenix,AZ,Maricopa County,85033,US,Maricopa
2287581,4/25/2022,Alabama,Birmingham,821 3rd Ave W,1,3,N/A,33.505104,-86.850434,1,rooftop,821,3rd Ave W,,,Birmingham,AL,Jefferson County,35204,US,Jefferson
2286363,4/24/2022,South Carolina,Myrtle Beach,12th Ave N and Withers Alley,1,3,N/A,33.695087,-78.878124,0.93,intersection,,12th Ave N,,,Myrtle Beach,SC,Horry County,29577,US,TIGER/Line® dataset from the US Census Bureau
2286061,4/24/2022,Indiana,Lafayette,2905 Westchester Ln W,2,4,N/A,40.386898,-86.915376,1,rooftop,2905,Westchester Ln W,,,Lafayette,IN,Tippecanoe County,47909,US,Tippecanoe
2285772,4/23/2022,Illinois,Chicago,2000 block of W 51st St,2,2,N/A,41.88531,-87.62213,0.5,place,,,,,Chicago,IL,Cook County,60601,US,TIGER/Line® dataset from the US Census Bureau
2285612,4/23/2022,North Carolina,Rocky Mount,1171 Jefferies Rd,0,4,N/A,35.978494,-77.805427,0.95,range_interpolation,1171,Jeffreys Rd,,,Rocky Mount,NC,Nash County,27804,US,TIGER/Line® dataset from the US Census Bureau
2285860,4/23/2022,Georgia,Atlanta,135 Andrew Young International Blvd NW,0,5,N/A,33.760023,-84.391814,1,rooftop,135,Andrew Young International Blvd NW,,,Atlanta,GA,Fulton County,30303,US,City of Atlanta
2286089,4/23/2022,California,San Bernardino,1036 W Highland Ave,1,4,N/A,34.136205,-117.30613,1,range_interpolation,1036,W Highland Ave,,,San Bernardino,CA,San Bernardino County,92405,US,TIGER/Line® dataset from the US Census Bureau
2285158,4/22/2022,Virginia,Petersburg,200 block of Holly Hill Dr,1,5,N/A,37.505967,-77.704172,0.7,nearest_rooftop_match,199,Dry Bridge Rd,,,Midlothian,VA,Chesterfield County,23114,US,Virginia Geographic Information Network (VGIN)
2285242,4/22/2022,Ohio,Cincinnati,Kemper Ln and E McMillan St,0,4,N/A,39.12578,-84.487905,0.8,intersection,,E McMillan St,,,Cincinnati,OH,Hamilton County,45206,US,TIGER/Line® dataset from the US Census Bureau
2284819,4/22/2022,District of Columbia,Washington,2900 block of Van Ness St NW,1,4,N/A,38.911936,-77.016719,0.5,place,,,,,Washington,DC,District of Columbia,20001,US,TIGER/Line® dataset from the US Census Bureau
2285267,4/21/2022,Arkansas,Mountain View,646 Northcutt Rd,4,0,N/A,35.757855,-91.934047,1,rooftop,646,Northcutt Rd,,,Mountain View,AR,Stone County,72560,US,Arkansas Geographic Information Office
2283535,4/20/2022,Minnesota,Duluth,715 E 12th St,5,0,N/A,46.802237,-92.102213,1,rooftop,715,E 12th St,,,Duluth,MN,St. Louis County,55805,US,St Louis
2281171,4/17/2022,Pennsylvania,Philadelphia,2800 block of Orkney St,0,4,N/A,40.001811,-75.11787,0.5,place,,,,,Philadelphia,PA,Philadelphia County,19101,US,TIGER/Line® dataset from the US Census Bureau
2281541,4/17/2022,Oregon,Portland,16150 SE Stark St,1,3,N/A,45.518897,-122.496908,1,rooftop,16150,SE Stark St,,,Portland,OR,Multnomah County,97233,US,Portland
2280875,4/17/2022,South Carolina,Furman,72 Ashley Circle Rd,0,9,N/A,32.691598,-81.189266,1,range_interpolation,72,Ashley Cir,,,Furman,SC,Hampton County,29921,US,TIGER/Line® dataset from the US Census Bureau
2281164,4/17/2022,California,Sacramento,7200 block of Franklin Blvd,1,3,N/A,38.377411,-121.444429,0.5,place,,,,,Sacramento,CA,Sacramento County,94240,US,TIGER/Line® dataset from the US Census Bureau
2281483,4/17/2022,Florida,Miami,15020 South River Dr,1,3,N/A,25.912241,-80.221647,1,rooftop,15020,S River Dr,,,Miami,FL,Miami-Dade County,33167,US,Miami
2280711,4/17/2022,Pennsylvania,Pittsburgh,900B Madison Ave,2,9,N/A,40.455879,-79.997233,1,rooftop,900,Madison Ave,,,Pittsburgh,PA,Allegheny County,15212,US,Allegheny
2282256,4/17/2022,Louisiana,Baldwin,Rosebud Rd and Baptiste St,0,5,N/A,29.832525,-91.557991,0.79,intersection,,Baptiste St,,,Baldwin,LA,St. Mary Parish,70514,US,TIGER/Line® dataset from the US Census Bureau
2280204,4/16/2022,South Carolina,Columbia,100 Columbiana Cir,0,9,N/A,34.078207,-81.157424,1,rooftop,100,Columbiana Cir,,,Columbia,SC,Lexington County,29212,US,Lexington
2280495,4/16/2022,Maryland,Baltimore,5300 block of Maple Ave,1,3,N/A,39.28073,-76.600152,0.7,street_center,,Block St,,,Baltimore,MD,Baltimore City,21231,US,TIGER/Line® dataset from the US Census Bureau
2281244,4/16/2022,Nevada,North Las Vegas,4900 block of Support St,0,4,N/A,36.211456,-115.124148,0.5,place,,,,,North Las Vegas,NV,Clark County,89030,US,TIGER/Line® dataset from the US Census Bureau
2281410,4/16/2022,Texas,Daingerfield,FM 144 and Edwards Rd,1,6,N/A,33.044611,-94.739524,0.5,place,,,,,Daingerfield,TX,Morris County,75638,US,TIGER/Line® dataset from the US Census Bureau
2280017,4/16/2022,New York,Syracuse,300 block of S Clinton St,1,4,N/A,43.036697,-75.382414,0.5,place,,,,,Clinton,NY,Oneida County,13323,US,TIGER/Line® dataset from the US Census Bureau
2280504,4/15/2022,California,Stockton,300 block of Coventry Dr,2,2,N/A,37.672196,-121.298794,0.5,place,,,,,Stockton,CA,San Joaquin County,95201,US,TIGER/Line® dataset from the US Census Bureau
2276339,4/12/2022,New York,Brooklyn,36th St and 4th Ave,0,10,N/A,40.654309,-74.004419,1,intersection,,36th St,,,Brooklyn,NY,Kings County,11232,US,TIGER/Line® dataset from the US Census Bureau
2277011,4/12/2022,New York,Bronx,2825 Olinville Ave,1,3,N/A,40.867222,-73.868539,1,rooftop,2825,Olinville Ave,,,Bronx,NY,Bronx County,10467,US,City of New York
2275242,4/10/2022,Louisiana,Baton Rouge,2700 block of Lorraine St,0,4,N/A,30.44924,-91.185607,0.5,place,,,,,Baton Rouge,LA,East Baton Rouge Parish,70801,US,TIGER/Line® dataset from the US Census Bureau
2274790,4/10/2022,Iowa,Cedar Rapids,415 3rd St SE,2,10,N/A,41.976171,-91.664668,1,rooftop,415,3rd St SE,,,Cedar Rapids,IA,Linn County,52401,US,Linn
2274803,4/10/2022,Illinois,Elgin,958 Congdon Ave,2,4,N/A,42.057294,-88.255026,1,rooftop,958,Congdon Ave,,,Elgin,IL,Cook County,60120,US,Cook
2275283,4/10/2022,California,Willowbrook,Blakley Ave and E 122nd Pl,2,5,N/A,33.922092,-118.247319,0.8,intersection,,Blakley Ave,,,Los Angeles,CA,Los Angeles County,90059,US,TIGER/Line® dataset from the US Census Bureau
2274783,4/10/2022,Indiana,Indianapolis,4270 W 38th St,1,5,N/A,39.825449,-86.233058,1,rooftop,4270,W 38th St,,,Indianapolis,IN,Marion County,46254,US,Statewide IN
2274855,4/9/2022,District of Columbia,Washington,O St SW and Half St SW,0,4,N/A,38.87296,-77.010651,1,intersection,,Half St SW,,,Washington,DC,District of Columbia,20024,US,TIGER/Line® dataset from the US Census Bureau
2274296,4/9/2022,Florida,Miami,6816 NW 15th Ave,0,4,N/A,25.83641,-80.223292,1,rooftop,6816,NW 15th Ave,,,Miami,FL,Miami-Dade County,33147,US,Miami2
2272394,4/6/2022,Pennsylvania,Philadelphia,Griscom St and Arrott St,1,4,N/A,40.017055,-75.084728,1,intersection,,Arrott St,,,Philadelphia,PA,Philadelphia County,19124,US,TIGER/Line® dataset from the US Census Bureau
2270747,4/4/2022,Kentucky,Covington,Russell St and W 16th St,0,4,N/A,39.071241,-84.510271,0.96,intersection,,Russell St,,,Covington,KY,Kenton County,41011,US,TIGER/Line® dataset from the US Census Bureau
2270578,4/4/2022,Connecticut,Hartford,Bedford St and Mather St,1,3,N/A,41.77758,-72.684635,0.73,intersection,,Bedford St,,,Hartford,CT,Hartford County,6120,US,TIGER/Line® dataset from the US Census Bureau
2269429,4/3/2022,New York,Buffalo,400 block of Genesee St,0,4,N/A,42.89606,-78.886424,0.5,place,,,,,Buffalo,NY,Erie County,14201,US,TIGER/Line® dataset from the US Census Bureau
2269745,4/3/2022,California,San Francisco,670 Brunswick St,2,2,N/A,37.709532,-122.447003,1,rooftop,670,Brunswick St,,,San Francisco,CA,San Francisco County,94112,US,San Francisco
2269100,4/3/2022,Texas,Dallas,5050 Cleveland Rd,1,16,N/A,32.641094,-96.738141,1,range_interpolation,5050,Cleveland Rd,,,Dallas,TX,Dallas County,75241,US,TIGER/Line® dataset from the US Census Bureau
2269082,4/3/2022,California,Sacramento,J St and 10th St,6,12,N/A,38.580314,-121.493462,1,intersection,,10th St,,,Sacramento,CA,Sacramento County,95814,US,TIGER/Line® dataset from the US Census Bureau
2268723,4/2/2022,North Carolina,Shelby,1851 E Dixon Blvd,1,3,N/A,35.27041,-81.489552,1,rooftop,1851,E Dixon Blvd,,,Shelby,NC,Cleveland County,28152,US,Cleveland
2268762,4/2/2022,Louisiana,Monroe,100 Sterlington Rd,1,5,N/A,32.521698,-92.082528,1,range_interpolation,100,Sterlington Rd,,,Monroe,LA,Ouachita Parish,71203,US,TIGER/Line® dataset from the US Census Bureau
2269059,4/2/2022,Colorado,Colorado Springs,2400 block of Barkman Dr,0,4,N/A,38.89326,-104.787533,0.8,nearest_rooftop_match,2399,Troy Ct,,,Colorado Springs,CO,El Paso County,80918,US,Statewide CO
2269034,4/2/2022,Louisiana,Shreveport,2025 Marshall St,1,3,N/A,32.501408,-93.737409,1,range_interpolation,2025,Marshall St,,,Shreveport,LA,Caddo Parish,71101,US,TIGER/Line® dataset from the US Census Bureau
2269259,4/1/2022,South Carolina,Walterboro,1900 Block of Logan Farm Rd,0,4,N/A,32.808385,-80.749668,0.7,nearest_rooftop_match,1950,Black Creek Rd,,,Walterboro,SC,Colleton County,29488,US,Colleton
2264094,3/26/2022,California,Hollister,Rustic St and Roble St,2,3,N/A,36.861627,-121.397492,0.93,intersection,,Roble St,,,Hollister,CA,San Benito County,95023,US,TIGER/Line® dataset from the US Census Bureau
2265029,3/26/2022,Ohio,Cleveland,1437 St Clair Ave NE,0,4,N/A,41.506479,-81.685752,0.95,rooftop,1437,St Clair Ave,,,Cleveland,OH,Cuyahoga County,44114,US,Cuyahoga
2263608,3/25/2022,Colorado,Colorado Springs,820 Citadel Dr E,2,2,N/A,38.845252,-104.758948,1,range_interpolation,820,Citadel Dr E,,,Colorado Springs,CO,El Paso County,80909,US,TIGER/Line® dataset from the US Census Bureau
2260129,3/22/2022,California,Stockton,1800 West Lane,1,3,N/A,37.973366,-121.279541,1,range_interpolation,1800,W Ln,,,Stockton,CA,San Joaquin County,95205,US,TIGER/Line® dataset from the US Census Bureau
2259262,3/21/2022,Connecticut,Waterbury,23 Scovill St,0,4,N/A,41.554054,-73.039441,1,rooftop,23,Scovill St,,,Waterbury,CT,New Haven County,6706,US,City of Waterbury
2259413,3/21/2022,Illinois,Chicago,1650 E 79th St,2,2,N/A,41.751746,-87.583484,1,rooftop,1650,E 79th St,,,Chicago,IL,Cook County,60649,US,City of Chicago
2258324,3/20/2022,Wisconsin,Milwaukee,2822 W Melvina St,0,4,N/A,43.087724,-87.94907,1,rooftop,2822,W Melvina St,,,Milwaukee,WI,Milwaukee County,53216,US,City of Milwaukee
2258224,3/20/2022,Texas,Houston,2955 S Sam Houston Pkwy E,1,3,N/A,29.831845,-95.563544,0.9,range_interpolation,2955,S Sam Houston Pkwy E,,,Houston,TX,Harris County,77043,US,TIGER/Line® dataset from the US Census Bureau
2258156,3/20/2022,Texas,Austin,E 6th St and Neches St,0,4,N/A,30.266782,-97.738247,1,intersection,,E 6th St,,,Austin,TX,Travis County,78701,US,TIGER/Line® dataset from the US Census Bureau
2257316,3/19/2022,Virginia,Norfolk,320 Granby St,3,2,N/A,36.85031,-76.290003,1,rooftop,320,Granby St,,,Norfolk,VA,Norfolk City,23510,US,City of Norfolk
2258012,3/19/2022,North Carolina,Fayetteville,1707 Owen Dr,3,3,N/A,35.029795,-78.927461,1,rooftop,1707,Owen Dr,,,Fayetteville,NC,Cumberland County,28304,US,Cumberland
2257739,3/19/2022,Arkansas,Dumas,611 Highway 65 S,1,26,N/A,33.879258,-91.48099,1,rooftop,611,Highway 65 S,,,Dumas,AR,Desha County,71639,US,Arkansas Geographic Information Office
2257674,3/19/2022,Virginia,Madison Heights,351 Old Wright Shop Rd,1,4,N/A,37.432173,-79.097291,1,rooftop,351,Old Wright Shop Rd,,,Madison Heights,VA,Amherst County,24572,US,Amherst
2258182,3/19/2022,Texas,Dallas,5214 Botham Jean Blvd,1,9,N/A,32.743981,-96.759504,1,rooftop,5214,Botham Jean Blvd,,,Dallas,TX,Dallas County,75215,US,Dallas
2256453,3/18/2022,Texas,Fort Worth,1600 block of NW Loraine St,1,3,N/A,32.378102,-100.759165,0.5,place,,,,,Loraine,TX,Mitchell County,79532,US,TIGER/Line® dataset from the US Census Bureau
2257778,3/18/2022,Louisiana,New Iberia,200 block of C V Jackson Dr,0,5,N/A,30.030774,-91.802747,0.9,rooftop,200,Troy Rd,,,New Iberia,LA,Iberia Parish,70563,US,Iberia
2257132,3/17/2022,Michigan,Lansing,2200 block of E Michigan Ave,0,4,N/A,42.599184,-84.371973,0.5,place,,,,,Lansing,MI,Ingham County,48901,US,TIGER/Line® dataset from the US Census Bureau
2256398,3/17/2022,Illinois,Chicago,4100 block of W Monroe St,0,4,N/A,41.88531,-87.62213,0.5,place,,,,,Chicago,IL,Cook County,60601,US,TIGER/Line® dataset from the US Census Bureau
2255816,3/17/2022,Florida,Fort Lauderdale,1300 W Broward Blvd,2,2,N/A,26.12067,-80.158948,1,rooftop,1300,W Broward Blvd,,,Fort Lauderdale,FL,Broward County,33312,US,City of Fort Lauderdale
2255832,3/16/2022,New Jersey,Irvington,800 block of 18th Ave,1,3,N/A,40.726231,-74.23294,0.5,place,,,,,Irvington,NJ,Essex County,7111,US,TIGER/Line® dataset from the US Census Bureau
2256080,3/16/2022,New Jersey,Irvington,862 18th Ave,1,3,N/A,40.737847,-74.222428,1,range_interpolation,862,18th Ave,,,Irvington,NJ,Essex County,7111,US,TIGER/Line® dataset from the US Census Bureau
2254579,3/15/2022,Alabama,Ozark,1001 US Hwy 231,0,5,N/A,31.439631,-85.643436,0.9,range_interpolation,1001,US Hwy 231,,,Ozark,AL,Dale County,36360,US,TIGER/Line® dataset from the US Census Bureau
2253714,3/14/2022,Pennsylvania,Reading,1300 block of Meade St,1,3,N/A,40.357242,-75.940153,0.5,place,,,,,Reading,PA,Berks County,19601,US,TIGER/Line® dataset from the US Census Bureau
2252873,3/13/2022,Illinois,Chicago,7902 S Exchange Ave,0,7,N/A,41.751894,-87.552737,1,range_interpolation,7902,S Exchange Ave,,,Chicago,IL,Cook County,60617,US,TIGER/Line® dataset from the US Census Bureau
2252500,3/13/2022,New York,Rochester,471 State St,2,2,N/A,43.163006,-77.621637,1,rooftop,471,State St,,,Rochester,NY,Monroe County,14608,US,"NYS GIS Program Office, State Geographic Information Officer (GIO)"
2252792,3/13/2022,South Carolina,Columbia,810 Pulaski St,1,4,N/A,33.997672,-81.042831,1,range_interpolation,810,Pulaski St,,,Columbia,SC,Richland County,29201,US,TIGER/Line® dataset from the US Census Bureau
2252719,3/12/2022,Maryland,Baltimore,Gwynn Oak Ave and Liberty Heights Ave,3,1,N/A,39.3314,-76.695674,1,intersection,,Gwynn Oak Ave,,,Gwynn Oak,MD,Baltimore City,21207,US,TIGER/Line® dataset from the US Census Bureau
2253654,3/12/2022,Alabama,Autaugaville,200 block of N Pickett St,1,3,N/A,31.00935,-85.74438,0.5,place,,,,,Black,AL,Geneva County,36314,US,TIGER/Line® dataset from the US Census Bureau
2251416,3/11/2022,Ohio,Columbus,1644 E Dublin-Granville Rd,2,2,N/A,40.088304,-82.974082,1,rooftop,1644,E Dublin-Granville Rd,,,Columbus,OH,Franklin County,43229,US,Franklin
2250540,3/9/2022,Colorado,Aurora,3300 N Ouray St,1,4,N/A,39.765194,-104.793279,1,rooftop,3300,N Ouray St,,,Aurora,CO,Adams County,80011,US,City of Aurora
2250151,3/8/2022,Florida,Jacksonville,Duval Station Rd and Starratt Rd,1,4,N/A,30.33166,-81.671611,0.72,intersection,,Stuart St,,,Jacksonville,FL,Duval County,32204,US,TIGER/Line® dataset from the US Census Bureau
2249608,3/7/2022,Tennessee,Knoxville,5800 block of Primus Rd,0,4,N/A,36.032334,-83.884804,0.5,place,,,,,Knoxville,TN,Knox County,37901,US,TIGER/Line® dataset from the US Census Bureau
2247617,3/6/2022,Minnesota,Minneapolis,2720 Blaisdell Ave,1,3,N/A,44.952983,-93.280127,1,rooftop,2720,Blaisdell Ave,,,Minneapolis,MN,Hennepin County,55408,US,Hennepin
2248066,3/6/2022,Pennsylvania,Hazleton,182 S  Wyoming St,1,4,N/A,40.94946,-75.976442,1,rooftop,182,S Wyoming St,,,Hazleton,PA,Luzerne County,18201,US,Luzerne
2247842,3/6/2022,Kentucky,Louisville,601 E Jefferson St,0,4,N/A,38.252385,-85.742086,1,rooftop,601,E Jefferson St,,,Louisville,KY,Jefferson County,40202,US,"Metro Louisville,  LOJIC partners"
2247828,3/6/2022,Texas,Lubbock,1800 block of Parkway Dr,0,4,N/A,33.588771,-101.850445,0.5,place,,,,,Lubbock,TX,Lubbock County,79401,US,TIGER/Line® dataset from the US Census Bureau
2248613,3/6/2022,Louisiana,Monroe,1051 Martin Luther King Junior Drive,0,4,N/A,32.494116,-92.084212,0.7,street_center,,Martin Luther King Jr Dr,,,Monroe,LA,Ouachita Parish,71202,US,TIGER/Line® dataset from the US Census Bureau
2247622,3/6/2022,South Carolina,Chester,Powell Dr and Harvey Neely Rd,2,3,N/A,34.80822,-81.445824,0.9,street_center,,Powell Dr,,,Sharon,SC,Chester County,29742,US,TIGER/Line® dataset from the US Census Bureau
2247747,3/5/2022,Arizona,Glendale,4810 W Glendale Ave,1,3,N/A,33.538701,-112.162721,1,rooftop,4810,W Glendale Ave,,,Glendale,AZ,Maricopa County,85301,US,City of Glendale
2247025,3/5/2022,Georgia,Atlanta,I-75 and Langford Pkwy,0,4,N/A,33.699183,-84.404547,0.8,intersection,,I-75,,,Atlanta,GA,Fulton County,30315,US,TIGER/Line® dataset from the US Census Bureau
2246387,3/3/2022,Nevada,Las Vegas,4055 S University Center Dr,1,6,N/A,36.115807,-115.147873,1,rooftop,4055,University Center Dr,,,Las Vegas,NV,Clark County,89119,US,Las Vegas
2245620,3/2/2022,Maryland,Baltimore,Walbrook Ave and N Dukeland St,1,3,N/A,39.31032,-76.664091,1,intersection,,N Dukeland St,,,Baltimore,MD,Baltimore City,21216,US,TIGER/Line® dataset from the US Census Bureau
2243861,2/28/2022,California,Sacramento,2041 Wyda Way,5,0,N/A,38.600499,-121.419112,1,rooftop,2041,Wyda Way,,,Sacramento,CA,Sacramento County,95825,US,Sacramento
2243285,2/27/2022,Louisiana,Alexandria,3700 block of 3rd St,0,4,N/A,31.274156,-92.467107,0.5,place,,,,,Alexandria,LA,Rapides Parish,71301,US,TIGER/Line® dataset from the US Census Bureau
2242345,2/26/2022,South Carolina,North Charleston,2622 S Allen Dr,1,3,N/A,32.849747,-79.985757,1,range_interpolation,2622,S Allen Dr,,,North Charleston,SC,Charleston County,29405,US,TIGER/Line® dataset from the US Census Bureau
2242153,2/26/2022,Nevada,Las Vegas,953 E Sahara Ave,1,14,N/A,36.142501,-115.140378,1,rooftop,953,E Sahara Ave,,,Las Vegas,NV,Clark County,89104,US,Las Vegas
2244673,2/26/2022,Louisiana,Bogalusa,E 4th St and Martin Luther King Jr Dr,0,10,N/A,30.775205,-89.853308,1,intersection,,E 4th St,,,Bogalusa,LA,Washington Parish,70427,US,TIGER/Line® dataset from the US Census Bureau
2241857,2/25/2022,Louisiana,Baton Rouge,6401 Bluebonnet Blvd,2,2,N/A,30.388877,-91.08758,1,rooftop,6401,Bluebonnet Blvd,,,Baton Rouge,LA,East Baton Rouge Parish,70836,US,East Baton Rouge Parish
2241299,2/24/2022,Texas,San Antonio,90 Lanark Dr,0,4,N/A,29.503162,-98.416026,1,range_interpolation,90,Lanark Dr,,,San Antonio,TX,Bexar County,78218,US,TIGER/Line® dataset from the US Census Bureau
2238575,2/21/2022,Minnesota,Saint Paul,488 Humboldt Ave,1,3,N/A,44.931177,-93.084834,1,rooftop,488,Humboldt Ave,,,Saint Paul,MN,Ramsey County,55107,US,Ramsey County
2238657,2/20/2022,Nebraska,Omaha,1817 N 33rd St,0,4,N/A,41.276072,-95.961388,1,rooftop,1817,N 33rd St,,,Omaha,NE,Douglas County,68111,US,Douglas
2238165,2/20/2022,Iowa,Des Moines,100 block of Water St,0,4,N/A,41.672687,-93.572173,0.5,place,,,,,Des Moines,IA,Polk County,50301,US,TIGER/Line® dataset from the US Census Bureau
2238403,2/20/2022,Oregon,Portland,SE Foster Rd and 128th Ave,1,3,N/A,45.476679,-122.532116,0.8,intersection,,SE 128th Ave,,,Portland,OR,Multnomah County,97236,US,TIGER/Line® dataset from the US Census Bureau
2238312,2/20/2022,Mississippi,Mccomb,Minnesota Ave and 6th St,1,3,N/A,31.244629,-90.458269,0.8,intersection,,Minnesota Ave,,,McComb,MS,Pike County,39648,US,TIGER/Line® dataset from the US Census Bureau
2237058,2/19/2022,North Carolina,Durham,1400 E Cornwallis Rd,2,2,N/A,35.942841,-78.903234,1,rooftop,1400,E Cornwallis Rd,,,Durham,NC,Durham County,27713,US,NC Geographic Information Coordinating Council
2237697,2/19/2022,Oregon,Portland,NE 55th Ave and NE Hassalo St,1,6,N/A,45.530462,-122.607531,1,intersection,,NE 55th Ave,,,Portland,OR,Multnomah County,97213,US,TIGER/Line® dataset from the US Census Bureau
2237593,2/19/2022,Missouri,Charleston,106 S Franklin St,2,14,N/A,36.92332,-89.35147,1,range_interpolation,106,S Franklin St,,,Charleston,MO,Mississippi County,63834,US,TIGER/Line® dataset from the US Census Bureau
2237196,2/19/2022,California,Turlock,142 S 1st St,0,7,N/A,37.493046,-120.846128,1,rooftop,142,S 1st St,,,Turlock,CA,Stanislaus County,95380,US,Stanislaus
2236857,2/18/2022,Maryland,Temple Hills (Marlow Heights),4200 block of 28th Ave,2,2,N/A,38.833446,-76.951641,0.4,place,,,,,Marlow Heights,MD,Prince George's County,20748,US,TIGER/Line® dataset from the US Census Bureau
2236155,2/17/2022,Pennsylvania,Philadelphia,164 W Chelten Ave,0,4,N/A,40.032185,-75.177882,1,rooftop,164,W Chelten Ave,,,Philadelphia,PA,Philadelphia County,19144,US,Philadelphia
2235778,2/17/2022,Texas,Houston,3000 Blodgett St,0,5,N/A,29.721643,-95.367274,1,rooftop,3000,Blodgett St,,,Houston,TX,Harris County,77004,US,Greater Houston
2235366,2/16/2022,Florida,Miami,NW 99th St and NW 21st Ave,1,3,N/A,25.793452,-80.357053,0.8,intersection,,NW 21st St,,,Miami,FL,Miami-Dade County,33172,US,TIGER/Line® dataset from the US Census Bureau
2234868,2/15/2022,Illinois,Joliet,700 block of Francis St,1,3,N/A,41.536718,-88.207088,0.8,rooftop,700,W Black Rd,,,Shorewood,IL,Will County,60404,US,Will
2232854,2/13/2022,Wisconsin,Racine,7th St and Park Ave,1,5,N/A,42.725952,-87.786011,1,intersection,,7th St,,,Racine,WI,Racine County,53403,US,TIGER/Line® dataset from the US Census Bureau
2232287,2/12/2022,California,West Hollywood,401 N La Cienega Blvd,0,4,N/A,34.07877,-118.37677,0.9,rooftop,401,N La Cienega Blvd,,,West Hollywood,CA,Los Angeles County,90048,US,City of Los Angeles
2232351,2/12/2022,Tennessee,Murfreesboro,1644 Middle Tennessee Blvd,1,4,N/A,35.831774,-86.374938,1,rooftop,1644,Middle Tennessee Blvd,,,Murfreesboro,TN,Rutherford County,37130,US,City of Murfreesboro
2232476,2/12/2022,Arkansas,Little Rock,200 block of E 7th St,1,3,N/A,34.746905,-92.280049,0.5,place,,,,,Little Rock,AR,Pulaski County,72201,US,TIGER/Line® dataset from the US Census Bureau
2231921,2/11/2022,Missouri,Springfield,E Kearney St and N Prospect Ave,0,4,N/A,37.24058,-93.272309,1,intersection,,E Kearney St,,,Springfield,MO,Greene County,65803,US,TIGER/Line® dataset from the US Census Bureau
2231371,2/11/2022,Arizona,Phoenix,5405 W Warner St,2,9,N/A,33.413886,-112.175595,1,rooftop,5405,W Warner St,,,Phoenix,AZ,Maricopa County,85043,US,Maricopa
2228979,2/6/2022,Illinois,Romeoville,735 N Center Blvd,0,5,N/A,41.65493,-88.121375,1,rooftop,735,N Center Blvd,,,Romeoville,IL,Will County,60446,US,Will
2228510,2/6/2022,California,Fresno,S Clara Ave and E Lorena Ave,2,2,N/A,36.719622,-119.795315,1,intersection,,E Lorena Ave,,,Fresno,CA,Fresno County,93706,US,TIGER/Line® dataset from the US Census Bureau
2228660,2/6/2022,North Carolina,Wilmington,200 block of North 31st St,0,4,N/A,34.271985,-77.963628,0.5,place,,,,,Wilmington,NC,New Hanover County,28401,US,TIGER/Line® dataset from the US Census Bureau
2227759,2/6/2022,Florida,Fort Lauderdale,5280 FL-7,0,4,N/A,26.191278,-80.203051,0.9,rooftop,5280,N State Road 7,,,Fort Lauderdale,FL,Broward County,33319,US,City of Fort Lauderdale
2227187,2/5/2022,New Mexico,Las Cruces,1900 block of Gladys Dr,1,3,N/A,32.29599,-106.74751,0.9,range_interpolation,1900,Gladys Dr,,,Las Cruces,NM,Doña Ana County,88001,US,TIGER/Line® dataset from the US Census Bureau
2227058,2/5/2022,Texas,Corsicana,2919 W 2nd Ave,6,2,N/A,32.08232,-96.496713,1,rooftop,2919,W 2nd Ave,,,Corsicana,TX,Navarro County,75110,US,Statewide Partial
2227035,2/4/2022,Virginia,Blacksburg,109 N Main St,1,4,N/A,37.229429,-80.414225,1,rooftop,109,N Main St,,,Blacksburg,VA,Montgomery County,24060,US,Town of Blacksburg
2225493,2/2/2022,California,Oroville,410 Oro Dam Blvd E,1,4,N/A,39.498193,-121.571757,1,range_interpolation,410,Oro Dam Blvd E,,,Oroville,CA,Butte County,95965,US,TIGER/Line® dataset from the US Census Bureau
2224788,2/1/2022,Wisconsin,Milwaukee,1801 W Olive St,0,5,N/A,43.092691,-87.933168,1,rooftop,1801,W Olive St,,,Milwaukee,WI,Milwaukee County,53209,US,City of Milwaukee
2224013,1/31/2022,North Carolina,Raleigh,3120 New Bern Ave,1,3,N/A,35.789191,-78.586395,1,rooftop,3120,New Bern Ave,,,Raleigh,NC,Wake County,27610,US,Wake
2222953,1/30/2022,Florida,Winter Haven,Buckeye Loop Rd and MLK Blvd NE,1,4,N/A,28.029112,-81.693719,1,street_center,,Buckeye Loop Rd,,,Winter Haven,FL,Polk County,33881,US,TIGER/Line® dataset from the US Census Bureau
2223019,1/30/2022,Georgia,Augusta,2623 Deans Bridge Rd,1,3,N/A,33.440505,-82.022666,1,rooftop,2623,Deans Bridge Rd,,,Augusta,GA,Richmond County,30906,US,Richmond County
2222557,1/29/2022,Missouri,Saint Louis,4900 block of Cote Brilliante,3,1,N/A,37.53144,-90.93318,0.5,place,,,,,Black,MO,Reynolds County,63625,US,TIGER/Line® dataset from the US Census Bureau
2222383,1/29/2022,Georgia,Atlanta,899 Martin Luther King Jr Dr NW,1,3,N/A,33.754972,-84.417157,1,rooftop,899,Martin Luther King Jr Dr NW,,,Atlanta,GA,Fulton County,30314,US,City of Atlanta
2222766,1/29/2022,California,Bakersfield,10612 Rosedale Hwy,0,4,N/A,35.383895,-119.120834,1,rooftop,10612,Rosedale Hwy,,,Bakersfield,CA,Kern County,93312,US,Kern
2220985,1/27/2022,District of Columbia,Washington,4400 Connecticut Ave,1,4,N/A,38.946957,-77.065609,0.9,rooftop,4400,Connecticut Ave NW,,,Washington,DC,District of Columbia,20008,US,Statewide DC
2218159,1/23/2022,Wisconsin,Milwaukee,2505 N 21st St,6,0,N/A,43.06437,-87.939142,1,rooftop,2505,N 21st St,,,Milwaukee,WI,Milwaukee County,53206,US,City of Milwaukee
2217882,1/23/2022,California,Inglewood,1300 block of North Park Ave,4,1,N/A,33.956526,-118.358654,0.5,place,,,,,Inglewood,CA,Los Angeles County,90301,US,TIGER/Line® dataset from the US Census Bureau
2215955,1/19/2022,Maryland,Baltimore,E Monument St and N Montford Ave,3,1,N/A,39.298806,-76.58372,1,intersection,,E Monument St,,,Baltimore,MD,Baltimore City,21205,US,TIGER/Line® dataset from the US Census Bureau
2215256,1/19/2022,Louisiana,New Orleans,7800 block of Keats St,0,4,N/A,29.958304,-90.077,0.5,place,,,,,New Orleans,LA,Orleans Parish,70112,US,TIGER/Line® dataset from the US Census Bureau
2214013,1/18/2022,Florida,Miami,10702 NW 7th Ave,1,4,N/A,25.873063,-80.210373,1,rooftop,10702,NW 7th Ave,,,Miami,FL,Miami-Dade County,33168,US,Miami2
2214306,1/17/2022,Texas,San Antonio,400 block of Spriggsdale Ave,1,4,N/A,29.428475,-98.484389,0.79,nearest_rooftop_match,403,Ave E,,,San Antonio,TX,Bexar County,78205,US,San Antonio
2213456,1/16/2022,Georgia,Savannah,1100 Graydon St,1,3,N/A,32.062816,-81.080192,1,range_interpolation,1100,Graydon St,,,Savannah,GA,Chatham County,31404,US,TIGER/Line® dataset from the US Census Bureau
2212203,1/15/2022,Tennessee,Knoxville,2700 block of Tarleton Ave,0,4,N/A,36.032334,-83.884804,0.5,place,,,,,Knoxville,TN,Knox County,37901,US,TIGER/Line® dataset from the US Census Bureau
2212018,1/15/2022,Georgia,Brunswick,2717 Glynn Ave,1,5,N/A,31.168836,-81.475044,1,rooftop,2717,Glynn Ave,,,Brunswick,GA,Glynn County,31520,US,Glynn
2211746,1/14/2022,Oregon,Eugene,219 W 8th Ave,0,6,N/A,44.051147,-123.096006,1,range_interpolation,219,W 8th Ave,,,Eugene,OR,Lane County,97401,US,TIGER/Line® dataset from the US Census Bureau
2210480,1/13/2022,New York,Brooklyn,1014 E 92nd St,1,3,N/A,40.644187,-73.908397,1,rooftop,1014,E 92nd St,,,Brooklyn,NY,Kings County,11236,US,City of New York
2209840,1/12/2022,Illinois,Chicago,S King Dr and E 63rd St,0,4,N/A,41.780238,-87.615622,1,intersection,,E 63rd St,,,Chicago,IL,Cook County,60637,US,TIGER/Line® dataset from the US Census Bureau
2207435,1/9/2022,California,Fresno,724 E Olive Ave,0,4,N/A,36.757519,-119.802311,1,rooftop,724,E Olive Ave,,,Fresno,CA,Fresno County,93728,US,Fresno
2207931,1/9/2022,California,Los Angeles,W 35th St and S Hill St,2,4,N/A,34.018308,-118.275747,1,intersection,,S Hill St,,,Los Angeles,CA,Los Angeles County,90007,US,TIGER/Line® dataset from the US Census Bureau
2207469,1/9/2022,Alabama,Montgomery,3020 Atlanta Hwy,1,6,N/A,32.382682,-86.266227,1,rooftop,3020,Atlanta Hwy,,,Montgomery,AL,Montgomery County,36109,US,Montgomery
2207406,1/9/2022,Colorado,Colorado Springs,1960 Chelton Rd,2,3,N/A,38.860702,-104.766049,0.9,range_interpolation,1960,N Chelton Rd,,,Colorado Springs,CO,El Paso County,80909,US,TIGER/Line® dataset from the US Census Bureau
2206813,1/8/2022,Texas,Houston,7136 Clarewood Dr,1,3,N/A,29.709454,-95.51089,1,rooftop,7136,Clarewood Dr,,,Houston,TX,Harris County,77036,US,City of Houston
2205024,1/4/2022,Mississippi,Jackson,3207 W Capitol St,1,3,N/A,32.321816,-90.2271,1,rooftop,3207,W Capitol St,,,Jackson,MS,Hinds County,39209,US,Hinds
2202976,1/2/2022,Texas,Corsicana,1100 block of S 29th St,2,2,N/A,32.084915,-96.528172,0.5,place,,,,,Corsicana,TX,Navarro County,75110,US,TIGER/Line® dataset from the US Census Bureau
2202727,1/2/2022,Texas,San Antonio,427 Montrose,2,2,N/A,29.370153,-98.461672,1,rooftop,427,Montrose St,,,San Antonio,TX,Bexar County,78223,US,San Antonio
2202025,1/1/2022,Missouri,Columbia,122 S 9th St,0,4,N/A,38.949814,-92.327381,1,rooftop,122,S 9th St,,,Columbia,MO,Boone County,65201,US,Boone
2201629,1/1/2022,Pennsylvania,Philadelphia,1600 block of Cecil B Moore Ave,1,4,N/A,40.323357,-80.187945,0.5,place,,,,,Cecil,PA,Washington County,15321,US,TIGER/Line® dataset from the US Census Bureau
2201641,1/1/2022,Wisconsin,Kenosha,1708 52nd St,1,3,N/A,42.588166,-87.8304,1,rooftop,1708,52nd St,,,Kenosha,WI,Kenosha County,53140,US,Kenosha
2202001,1/1/2022,Illinois,Peoria,2000 block of SW Adams St,2,2,N/A,40.693137,-89.589847,0.5,place,,,,,Peoria,IL,Peoria County,61601,US,TIGER/Line® dataset from the US Census Bureau
2201876,1/1/2022,South Carolina,Dillon,3261 Hwy 9,0,5,N/A,34.476503,-79.442927,1,range_interpolation,3261,Hwy 9 W,,,Dillon,SC,Dillon County,29536,US,TIGER/Line® dataset from the US Census Bureau
2201848,1/1/2022,Indiana,South Bend,1500 block of S Miami St,0,4,N/A,40.61466,-86.106432,0.5,place,,,,,Miami,IN,Miami County,46959,US,TIGER/Line® dataset from the US Census Bureau
2201677,1/1/2022,Colorado,Denver,1919 Blake St,2,2,N/A,39.753878,-104.995414,1,rooftop,1919,Blake St,,,Denver,CO,Denver County,80202,US,Denver